"category","category_id","sub_category","sub_category_id","plan_title_en","plan_title_id","subtitle_en","subtitle_id","total_days","summary_en","summary_id","cover_prompt","cover_url","day","section_title_en","section_title_id","devotion_en","devotion_id","verses_en","verses_id","reflection_en","reflection_id","prayer_en","prayer_id"
"Forgiveness","Pengampunan","Forgiving Others","Mengampuni Orang Lain","Letting Go of the Grudge","Melepaskan Dendam","A short path back to peace with someone who hurt you","Jalan singkat menuju damai dengan orang yang menyakitimu","3","A three-day plan for anyone carrying the weight of a friend or family betrayal. Through the story of Joseph and the words of Christ, these readings walk gently toward the decision to set down a grudge and open your hands again.","Rencana tiga hari bagi siapa saja yang menanggung beban pengkhianatan dari sahabat atau keluarga. Melalui kisah Yusuf dan perkataan Kristus, renungan ini menuntun perlahan menuju keputusan untuk meletakkan dendam dan membuka tangan kembali.","A portrait-orientation 3:4 watercolor illustration in a soft, loose folk-art style: two pairs of open hands reaching toward each other across a gentle stream of golden light, painted in warm ochre, dusty rose, and deep indigo washes with visible paper texture and bleeding pigment edges. Between the hands, a few small doves rise upward, wings caught mid-flutter. The lower two-thirds of the composition is quiet and uncluttered, giving the eye room to rest on the reaching hands. All lettering is grouped together at the very top of the composition for maximum legibility, stacked on a soft solid-color band or gentle scrim so it stays readable against the artwork behind it: the title ""Letting Go of the Grudge"" first, largest, in a warm hand-lettered brush script; directly beneath it the smaller subtitle ""A short path back to peace with someone who hurt you""; and directly beneath the subtitle a compact rounded pill reading ""3 DAYS"" in bold small caps. Nothing else overlaps the illustration below. Mood: tender, quietly hopeful, unburdened.","","1","The Weight We Carry","Beban yang Kita Pikul","There is a particular kind of tired that comes from carrying an old hurt. It is not the tiredness of a long day of work, but the tiredness of replaying a conversation for the hundredth time, of flinching when a name comes up, of rehearsing what we wish we had said. Many of us know this weight well. It might be a friend who said something cutting and never took it back, a sibling who chose themselves over us at a moment we needed them, or a parent whose disappointment still echoes decades later. Whatever its shape, the weight is real, and pretending it isn't there rarely makes it lighter.

Scripture does not shy away from this kind of pain. The story of Joseph is, at its heart, a story about betrayal by the people closest to him. His own brothers, driven by jealousy, sold him into slavery and let their father believe he was dead. Years later, when Joseph rose to power in Egypt and his brothers stood before him unaware of who he was, he had every worldly justification to make them suffer. He held the kind of leverage most of us only dream of having over the people who hurt us.

Instead, when Joseph finally reveals himself, he does something remarkable: he weeps so loudly the whole household hears him. Grief and forgiveness, it turns out, are not opposites. Joseph does not pretend the betrayal didn't happen or that it didn't cost him years of his life. He simply refuses to let it write the ending of his story. That refusal is where forgiveness begins for many of us too — not in forgetting, but in deciding the wound will not have the final word.

If you are carrying something today, let this be permission to name it honestly before God. You do not have to minimize what happened to begin healing from it. Joseph's tears were not a sign of weakness; they were the doorway through which forgiveness walked in. The invitation over these three days is simply to start walking that same doorway, one honest step at a time.","Ada jenis lelah tertentu yang muncul karena memikul luka lama. Ini bukan lelah karena hari kerja yang panjang, melainkan lelah karena memutar ulang sebuah percakapan untuk yang keseratus kalinya, terkejut saat sebuah nama disebut, atau membayangkan apa yang seharusnya kita katakan. Banyak dari kita mengenal beban ini dengan baik. Bisa jadi itu seorang sahabat yang berkata menyakitkan dan tidak pernah menariknya kembali, saudara yang mementingkan diri sendiri saat kita membutuhkannya, atau orang tua yang kekecewaannya masih bergema puluhan tahun kemudian. Apa pun bentuknya, beban itu nyata, dan berpura-pura tidak ada jarang membuatnya lebih ringan.

Alkitab tidak menghindari jenis penderitaan ini. Kisah Yusuf, pada intinya, adalah kisah tentang pengkhianatan oleh orang-orang terdekatnya. Saudara-saudaranya sendiri, didorong oleh cemburu, menjualnya menjadi budak dan membiarkan ayah mereka percaya bahwa ia telah mati. Bertahun-tahun kemudian, ketika Yusuf naik menjadi penguasa di Mesir dan saudara-saudaranya berdiri di hadapannya tanpa menyadari siapa dia, ia memiliki setiap alasan duniawi untuk membuat mereka menderita. Ia memegang jenis kekuasaan yang hanya bisa diimpikan kebanyakan dari kita atas orang-orang yang menyakiti kita.

Namun, ketika Yusuf akhirnya menyatakan dirinya, ia melakukan sesuatu yang luar biasa: ia menangis begitu keras hingga seluruh rumah mendengarnya. Ternyata, kesedihan dan pengampunan bukanlah lawan. Yusuf tidak berpura-pura bahwa pengkhianatan itu tidak pernah terjadi atau tidak merenggut bertahun-tahun hidupnya. Ia hanya menolak membiarkan luka itu menulis akhir kisahnya. Penolakan itulah yang menjadi titik awal pengampunan bagi banyak dari kita juga — bukan dengan melupakan, tetapi dengan memutuskan bahwa luka itu tidak akan memiliki kata terakhir.

Jika hari ini engkau sedang memikul sesuatu, biarlah ini menjadi izin untuk menyebutkannya dengan jujur di hadapan Allah. Engkau tidak perlu mengecilkan apa yang terjadi untuk mulai sembuh darinya. Air mata Yusuf bukan tanda kelemahan; itu adalah pintu tempat pengampunan masuk. Ajakan selama tiga hari ini sederhana: mulai melangkah melalui pintu yang sama itu, satu langkah jujur setiap kalinya.","Genesis 50:20 | You intended to harm me, but God intended it for good to accomplish what is now being done, the saving of many lives.","Kejadian 50:20 | Memang kamu telah mereka-rekakan yang jahat terhadap aku, tetapi Allah telah mereka-rekakannya untuk kebaikan, dengan maksud melakukan seperti yang terjadi sekarang ini, yaitu memelihara hidup suatu bangsa yang besar.","Naming a hurt honestly is not the opposite of forgiveness — it is often the first step toward it.","Menyebut luka dengan jujur bukanlah lawan dari pengampunan — seringkali itu justru langkah pertama menuju ke sana.","Lord, You see the weight I have been carrying. I bring it to You honestly today, without pretending it doesn't hurt. Begin in me what You began in Joseph — a heart willing, in time, to let the wound stop writing the story. Amen.","Tuhan, Engkau melihat beban yang selama ini kupikul. Hari ini aku membawanya kepada-Mu dengan jujur, tanpa berpura-pura bahwa itu tidak menyakitkan. Mulailah dalam diriku apa yang Engkau mulai dalam Yusuf — hati yang mau, pada waktunya, membiarkan luka itu berhenti menulis kisahku. Amin."
