"category","sub_category","plan_title_en","plan_title_id","subtitle_en","subtitle_id","total_days","summary_en","summary_id","cover_prompt","day","section_title_en","section_title_id","devotion_en","devotion_id","verses_en","verses_id","reflection_en","reflection_id","prayer_en","prayer_id"
"Love","Love of God","The Quiet Room","Ruang yang Sunyi","A four-day journey into prayer as friendship with God","Perjalanan empat hari menuju doa sebagai persahabatan dengan Allah","4","This plan walks through four facets of a praying life — private communion, honest surrender, constant conversation, and prayer offered together with others — helping you build a rhythm of talking and listening to God.","Rencana ini menelusuri empat sisi dari kehidupan doa — persekutuan pribadi, penyerahan yang jujur, percakapan yang terus-menerus, dan doa yang dinaikkan bersama orang lain — membantumu membangun ritme berbicara dan mendengarkan Allah.","Portrait 3:4 mid-century modern flat illustration: a cozy reading nook at dusk, a single figure sitting cross-legged by a window with hands folded, a warm lamp glow, simple geometric shapes for furniture and a potted plant, stars visible through the window. Bold flat color blocks, limited shading, retro travel-poster aesthetic. Render the title text 'THE QUIET ROOM' in large rounded bold sans-serif lettering across the top third, with the subtitle 'A Journey Into Prayer' in smaller matching sans-serif beneath it. In the lower corner render a small rounded badge reading '4 DAYS' in a contrasting color block. Color palette: mustard yellow, burnt orange, teal, and cream. Mood: cozy, warm, inviting, contemplative. No photorealism — flat vector-style illustration with clean geometric shapes and minimal gradients, in the style of 1960s travel posters.","1","The Secret Place","Tempat yang Tersembunyi","Jesus gave surprisingly little instruction on the technique of prayer, but He was specific about one thing: go somewhere private. ""Go into your room, close the door."" In a culture — His and ours — where public displays of piety could earn admiration, Jesus pointed His followers toward a room nobody else would see. Prayer, He seemed to be saying, is first and foremost about being with God, not about being watched.

There is something freeing in this. So often our prayer lives are shadowed by comparison — a nagging sense that other people pray more eloquently, more consistently, more spiritually than we do. Jesus quietly removes the audience. In the secret place there is no one to impress, which means there is finally room to be honest. You do not need better words in your closed room. You only need to show up.

Notice too what Jesus promises: ""your Father, who sees what is done in secret, will reward you."" God is not indifferent to the prayers no one else hears. The tears cried alone, the sentence prayed under your breath on the way to work, the wordless sigh before bed — none of it is wasted or unseen. A Father who sees in secret is a Father who is paying far closer attention than we usually assume.

Consider today where your ""room"" might be — an actual closed door, a car before you start the engine, a walk before the household wakes. It does not need to be long or eloquent. It needs only to be honest, and it needs to be Him you are speaking to, not an audience of your own imagining.","Yesus memberikan sangat sedikit petunjuk tentang teknik berdoa, tetapi Ia sangat spesifik tentang satu hal: pergilah ke tempat yang tersembunyi. ""Masuklah ke dalam kamarmu, tutuplah pintu."" Dalam budaya-Nya — dan budaya kita — di mana kesalehan yang dipertontonkan bisa mendatangkan pujian, Yesus justru mengarahkan murid-murid-Nya ke sebuah ruang yang tidak dilihat siapa pun. Doa, tampaknya Ia ingin katakan, pertama-tama adalah tentang bersama Allah, bukan tentang ditonton.

Ada sesuatu yang membebaskan dari hal ini. Begitu sering kehidupan doa kita dibayangi oleh perbandingan — perasaan mengganjal bahwa orang lain berdoa lebih fasih, lebih rutin, lebih rohani dari kita. Yesus dengan tenang menghilangkan penonton itu. Di tempat tersembunyi tidak ada orang untuk dikesankan, yang berarti akhirnya ada ruang untuk jujur. Engkau tidak butuh kata-kata yang lebih indah di kamarmu yang tertutup. Engkau hanya perlu hadir.

Perhatikan juga apa yang Yesus janjikan: ""Bapamu yang melihat yang tersembunyi akan membalasnya kepadamu."" Allah tidak acuh terhadap doa-doa yang tidak didengar siapa pun. Air mata yang ditumpahkan sendirian, kalimat yang didoakan pelan-pelan dalam perjalanan kerja, helaan napas tanpa kata sebelum tidur — semuanya tidak sia-sia dan tidak luput dari perhatian. Bapa yang melihat yang tersembunyi adalah Bapa yang jauh lebih memperhatikan daripada yang biasa kita duga.

Pikirkanlah hari ini di mana ""kamarmu"" berada — pintu yang benar-benar tertutup, mobil sebelum engkau menyalakan mesin, jalan kaki sebelum rumah bangun. Doa itu tidak perlu panjang atau fasih. Ia hanya perlu jujur, dan Dia-lah yang perlu kauajak bicara, bukan penonton bayangan yang kaubuat sendiri.","Matthew 6:6 | But when you pray, go into your room, close the door and pray to your Father, who is unseen. Then your Father, who sees what is done in secret, will reward you.","Matius 6:6 | Tetapi apabila engkau berdoa, masuklah ke dalam kamarmu, tutuplah pintu dan berdoalah kepada Bapamu yang ada di tempat tersembunyi. Maka Bapamu yang melihat yang tersembunyi akan membalasnya kepadamu.","Prayer is not a performance for an audience — it is an honest conversation with a Father who already sees you fully.","Doa bukanlah pertunjukan untuk penonton — doa adalah percakapan jujur dengan Bapa yang sudah melihatmu secara utuh.","Father, teach me to find You in the quiet places. Free me from performing my faith for others, and meet me honestly when I close the door. Amen.","Bapa, ajarku menemukan-Mu di tempat yang sunyi. Bebaskanlah aku dari kebiasaan mempertontonkan imanku bagi orang lain, dan temuilah aku dengan jujur ketika aku menutup pintu. Amin."
"Love","Love of God","The Quiet Room","Ruang yang Sunyi","A four-day journey into prayer as friendship with God","Perjalanan empat hari menuju doa sebagai persahabatan dengan Allah","4","This plan walks through four facets of a praying life — private communion, honest surrender, constant conversation, and prayer offered together with others — helping you build a rhythm of talking and listening to God.","Rencana ini menelusuri empat sisi dari kehidupan doa — persekutuan pribadi, penyerahan yang jujur, percakapan yang terus-menerus, dan doa yang dinaikkan bersama orang lain — membantumu membangun ritme berbicara dan mendengarkan Allah.","Portrait 3:4 mid-century modern flat illustration: a cozy reading nook at dusk, a single figure sitting cross-legged by a window with hands folded, a warm lamp glow, simple geometric shapes for furniture and a potted plant, stars visible through the window. Bold flat color blocks, limited shading, retro travel-poster aesthetic. Render the title text 'THE QUIET ROOM' in large rounded bold sans-serif lettering across the top third, with the subtitle 'A Journey Into Prayer' in smaller matching sans-serif beneath it. In the lower corner render a small rounded badge reading '4 DAYS' in a contrasting color block. Color palette: mustard yellow, burnt orange, teal, and cream. Mood: cozy, warm, inviting, contemplative. No photorealism — flat vector-style illustration with clean geometric shapes and minimal gradients, in the style of 1960s travel posters.","2","Anxious to At Peace","Dari Cemas Menjadi Damai","Anxiety has a way of narrowing our focus until the worry fills the whole room of our mind. Paul, writing this letter from prison, had every earthly reason to be consumed by anxiety about his future. And yet he tells the Philippians — and us — ""do not be anxious about anything."" Not because anxiety is shameful, but because there is somewhere better to put it.

The instruction is not simply ""stop worrying,"" which rarely works for anyone. It is ""in every situation, by prayer and petition, with thanksgiving, present your requests to God."" Paul gives us an action, not just a prohibition. Anxiety left alone in our minds grows; anxiety spoken honestly to God becomes a request, handed to Someone capable of carrying it. The thanksgiving matters too — it reminds us, even mid-worry, that we are not without help.

What follows is one of Scripture's most tender promises: ""the peace of God, which transcends all understanding, will guard your hearts and your minds."" Notice this peace is not necessarily the peace of a resolved problem — Paul was still in prison when he wrote this. It is a peace that stands guard over us before the circumstances change, sometimes long before. It does not always make sense from the outside. It simply holds.

What request have you been carrying silently, turning it over in your mind instead of placing it in prayer? Try naming it plainly to God today — not polished, just honest — and add one thing you are thankful for even now. Let this be the exchange: your anxiety handed over, His peace received in return.","Kecemasan memiliki cara untuk mempersempit fokus kita hingga kekhawatiran memenuhi seluruh ruang pikiran. Paulus, menulis surat ini dari penjara, memiliki setiap alasan duniawi untuk dikuasai kecemasan tentang masa depannya. Namun ia berkata kepada jemaat Filipi — dan kepada kita — ""Janganlah hendaknya kamu kuatir tentang apapun juga."" Bukan karena kecemasan itu memalukan, melainkan karena ada tempat yang lebih baik untuk meletakkannya.

Perintah ini bukan sekadar ""berhenti khawatir,"" yang jarang berhasil bagi siapa pun. Perintahnya adalah ""nyatakanlah dalam segala hal keinginanmu kepada Allah dalam doa dan permohonan dengan ucapan syukur."" Paulus memberi kita sebuah tindakan, bukan sekadar larangan. Kecemasan yang dibiarkan sendirian dalam pikiran akan membesar; kecemasan yang diucapkan dengan jujur kepada Allah berubah menjadi permohonan, diserahkan kepada Pribadi yang sanggup memikulnya. Ucapan syukur juga penting — ia mengingatkan kita, bahkan di tengah kekhawatiran, bahwa kita tidak sendirian tanpa pertolongan.

Yang menyusul kemudian adalah salah satu janji paling lembut dalam Alkitab: ""damai sejahtera Allah, yang melampaui segala akal, akan memelihara hati dan pikiranmu."" Perhatikan, damai sejahtera ini belum tentu damai sejahtera karena masalah sudah selesai — Paulus masih di penjara ketika menulis ini. Ini adalah damai sejahtera yang berjaga atas kita sebelum keadaan berubah, kadang jauh sebelum itu. Damai ini tidak selalu masuk akal dari luar. Ia hanya menopang.

Permohonan apa yang selama ini kaupendam sendiri, kaubolak-balik dalam pikiran alih-alih kauletakkan dalam doa? Cobalah menyebutkannya secara terus terang kepada Allah hari ini — tidak perlu rapi, cukup jujur — dan tambahkan satu hal yang kausyukuri bahkan sekarang. Biarlah ini menjadi pertukarannya: kecemasanmu diserahkan, damai sejahtera-Nya diterima sebagai gantinya.","Philippians 4:6-7 | Do not be anxious about anything, but in every situation, by prayer and petition, with thanksgiving, present your requests to God. And the peace of God, which transcends all understanding, will guard your hearts and your minds in Christ Jesus.","Filipi 4:6-7 | Janganlah hendaknya kamu kuatir tentang apapun juga, tetapi nyatakanlah dalam segala hal keinginanmu kepada Allah dalam doa dan permohonan dengan ucapan syukur. Damai sejahtera Allah, yang melampaui segala akal, akan memelihara hati dan pikiranmu dalam Kristus Yesus.","Peace is not the reward for a solved problem — it is God's guard posted over your heart while the problem is still unfolding.","Damai sejahtera bukan hadiah untuk masalah yang sudah selesai — itu adalah penjagaan Allah atas hatimu selagi masalah itu masih berlangsung.","Lord, I hand You what I have been carrying alone. Thank You for hearing me. Guard my heart and mind with a peace I cannot manufacture myself. Amen.","Tuhan, kuserahkan kepada-Mu apa yang selama ini kupikul sendirian. Terima kasih karena Engkau mendengarku. Jagalah hati dan pikiranku dengan damai sejahtera yang tidak bisa kuciptakan sendiri. Amin."
"Love","Love of God","The Quiet Room","Ruang yang Sunyi","A four-day journey into prayer as friendship with God","Perjalanan empat hari menuju doa sebagai persahabatan dengan Allah","4","This plan walks through four facets of a praying life — private communion, honest surrender, constant conversation, and prayer offered together with others — helping you build a rhythm of talking and listening to God.","Rencana ini menelusuri empat sisi dari kehidupan doa — persekutuan pribadi, penyerahan yang jujur, percakapan yang terus-menerus, dan doa yang dinaikkan bersama orang lain — membantumu membangun ritme berbicara dan mendengarkan Allah.","Portrait 3:4 mid-century modern flat illustration: a cozy reading nook at dusk, a single figure sitting cross-legged by a window with hands folded, a warm lamp glow, simple geometric shapes for furniture and a potted plant, stars visible through the window. Bold flat color blocks, limited shading, retro travel-poster aesthetic. Render the title text 'THE QUIET ROOM' in large rounded bold sans-serif lettering across the top third, with the subtitle 'A Journey Into Prayer' in smaller matching sans-serif beneath it. In the lower corner render a small rounded badge reading '4 DAYS' in a contrasting color block. Color palette: mustard yellow, burnt orange, teal, and cream. Mood: cozy, warm, inviting, contemplative. No photorealism — flat vector-style illustration with clean geometric shapes and minimal gradients, in the style of 1960s travel posters.","3","Praying Without Ceasing","Berdoa Tanpa Berkesudahan","""Pray continually"" sounds, at first, like an impossible command — how could anyone pray every waking moment while also working, cooking, driving, raising children? But Paul is not asking us to fold our hands nonstop. He is describing a posture of ongoing awareness, a heart kept open toward God through the whole shape of an ordinary day, not just during set-apart moments.

Think of it less like a single long prayer and more like an open phone line kept on in the background — sometimes silent, sometimes a quick word, always available. A prayer while washing dishes. A thank-you noticed in traffic. A short ""help me"" before a hard conversation. This kind of praying without ceasing does not require perfect focus; it requires a habit of returning, again and again, to the God who is already there.

Psalm 46:10 offers the other half of this rhythm: ""Be still, and know that I am God."" Constant conversation with God needs moments of stillness too, or it can become one-sided noise. Stillness is not empty — it is where we finally stop talking long enough to remember who we are talking to. In a world that rewards constant motion, choosing stillness, even for a few minutes, is itself an act of trust.

Try weaving both today: a running conversation with God through your ordinary tasks, and a few deliberate minutes of stillness where you say nothing at all. Let the noise settle. Let Him be God, and let yourself simply be with Him.","""Tetaplah berdoa"" terdengar, pada awalnya, seperti perintah yang mustahil — bagaimana mungkin seseorang berdoa setiap saat sambil bekerja, memasak, menyetir, membesarkan anak? Tetapi Paulus tidak meminta kita melipat tangan tanpa henti. Ia menggambarkan sebuah sikap hati yang terus terjaga, hati yang tetap terbuka kepada Allah sepanjang bentuk hari yang biasa, bukan hanya pada saat-saat yang disisihkan khusus.

Bayangkan ini bukan seperti satu doa panjang yang tunggal, melainkan seperti saluran telepon yang tetap terbuka di latar belakang — kadang sunyi, kadang berisi sepatah kata cepat, selalu tersedia. Doa sambil mencuci piring. Ucapan syukur yang teringat saat macet. ""Tolonglah aku"" yang singkat sebelum percakapan yang berat. Doa yang tak berkesudahan seperti ini tidak menuntut konsentrasi sempurna; ia menuntut kebiasaan untuk kembali, berulang kali, kepada Allah yang sudah ada di sana.

Mazmur 46:10 menawarkan sisi lain dari ritme ini: ""Diamlah, dan ketahuilah, bahwa Akulah Allah!"" Percakapan yang terus-menerus dengan Allah juga membutuhkan saat-saat diam, atau ia bisa berubah menjadi kebisingan sepihak. Diam bukan berarti kosong — itulah saat kita akhirnya berhenti berbicara cukup lama untuk mengingat kepada siapa kita berbicara. Di dunia yang menghargai gerak tanpa henti, memilih diam, bahkan hanya beberapa menit, adalah tindakan percaya itu sendiri.

Cobalah merajut keduanya hari ini: percakapan yang mengalir dengan Allah sepanjang tugas-tugas biasamu, dan beberapa menit diam yang disengaja di mana engkau tidak berkata apa-apa. Biarkan kebisingan mereda. Biarkan Dia menjadi Allah, dan biarkan dirimu sekadar bersama-Nya.","1 Thessalonians 5:17 | pray continually
Psalm 46:10 | He says, ""Be still, and know that I am God; I will be exalted among the nations, I will be exalted in the earth.""","1 Tesalonika 5:17 | Tetaplah berdoa.
Mazmur 46:10 | Diamlah, dan ketahuilah, bahwa Akulah Allah! Aku akan ditinggikan di antara bangsa-bangsa, Aku akan ditinggikan di bumi.","A praying life is not one long unbroken sentence to God — it is a habit of returning to Him all day long.","Hidup yang berdoa bukanlah satu kalimat panjang tanpa jeda kepada Allah — itu adalah kebiasaan untuk terus kembali kepada-Nya sepanjang hari.","Lord, teach me to keep my heart open to You through the ordinary hours of today. And in the stillness, quiet my noise so I can simply know that You are God. Amen.","Tuhan, ajarku menjaga hatiku tetap terbuka kepada-Mu sepanjang jam-jam biasa hari ini. Dan dalam keheningan, tenangkanlah kebisinganku agar aku bisa sekadar mengetahui bahwa Engkaulah Allah. Amin."
"Love","Love of God","The Quiet Room","Ruang yang Sunyi","A four-day journey into prayer as friendship with God","Perjalanan empat hari menuju doa sebagai persahabatan dengan Allah","4","This plan walks through four facets of a praying life — private communion, honest surrender, constant conversation, and prayer offered together with others — helping you build a rhythm of talking and listening to God.","Rencana ini menelusuri empat sisi dari kehidupan doa — persekutuan pribadi, penyerahan yang jujur, percakapan yang terus-menerus, dan doa yang dinaikkan bersama orang lain — membantumu membangun ritme berbicara dan mendengarkan Allah.","Portrait 3:4 mid-century modern flat illustration: a cozy reading nook at dusk, a single figure sitting cross-legged by a window with hands folded, a warm lamp glow, simple geometric shapes for furniture and a potted plant, stars visible through the window. Bold flat color blocks, limited shading, retro travel-poster aesthetic. Render the title text 'THE QUIET ROOM' in large rounded bold sans-serif lettering across the top third, with the subtitle 'A Journey Into Prayer' in smaller matching sans-serif beneath it. In the lower corner render a small rounded badge reading '4 DAYS' in a contrasting color block. Color palette: mustard yellow, burnt orange, teal, and cream. Mood: cozy, warm, inviting, contemplative. No photorealism — flat vector-style illustration with clean geometric shapes and minimal gradients, in the style of 1960s travel posters.","4","The Power of Praying Together","Kuasa Berdoa Bersama","There is a certain vulnerability in asking someone else to pray for you. It means admitting you cannot carry something alone, that your own prayers, however sincere, feel insufficient for the weight of what you are facing. James writes plainly: ""confess your sins to each other and pray for each other so that you may be healed. The prayer of a righteous person is powerful and effective.""

Notice James pairs confession with prayer. There is something healing about being known, not just prayed for from a polite distance but prayed for by someone who understands, at least in part, what you are actually carrying. Community was never meant to be a place where we perform having it together. It was meant to be a place where our real burdens are shared and carried by more than one set of hands.

This is part of why the Church has always gathered to pray together — in small groups, in parishes, at the foot of the altar. There is a strength in shared prayer that solitary prayer, however faithful, does not fully replace. When two or more voices lift the same need before God, something in us settles: we are not facing this alone, and neither is our prayer.

Who in your life could you ask to pray for you this week — honestly, specifically, without polishing the request first? And who might need you to offer the same? Praying for one another is one of the simplest and most powerful gifts we can give — let today be the day you either ask or offer it.","Ada semacam kerentanan tertentu ketika kita meminta orang lain mendoakan kita. Itu berarti mengakui bahwa kita tidak bisa memikul sesuatu sendirian, bahwa doa kita sendiri, sekalipun tulus, terasa tidak cukup untuk beban yang sedang kita hadapi. Yakobus menulis dengan terus terang: ""Karena itu hendaklah kamu saling mengaku dosamu dan saling mendoakan, supaya kamu sembuh. Doa orang yang benar, bilamana dengan yakin didoakan, sangat besar kuasanya.""

Perhatikan bahwa Yakobus memasangkan pengakuan dengan doa. Ada sesuatu yang menyembuhkan dari dikenali, bukan sekadar didoakan dari jarak yang sopan, melainkan didoakan oleh seseorang yang memahami, setidaknya sebagian, apa yang sebenarnya sedang kaupikul. Persekutuan tidak pernah dimaksudkan menjadi tempat kita berpura-pura baik-baik saja. Ia dimaksudkan menjadi tempat beban kita yang sesungguhnya dibagikan dan dipikul oleh lebih dari sepasang tangan.

Inilah sebagian alasan mengapa Gereja senantiasa berkumpul untuk berdoa bersama — dalam kelompok kecil, di paroki, di kaki altar. Ada kekuatan dalam doa bersama yang tidak sepenuhnya bisa digantikan oleh doa sendirian, sekalipun doa itu sungguh setia. Ketika dua suara atau lebih menaikkan kebutuhan yang sama di hadapan Allah, ada sesuatu dalam diri kita yang menjadi tenang: kita tidak sedang menghadapi ini sendirian, dan doa kita pun tidak sendirian.

Siapa dalam hidupmu yang bisa kaumintai doa minggu ini — dengan jujur, spesifik, tanpa lebih dulu memolesnya? Dan siapa yang mungkin membutuhkan hal yang sama darimu? Mendoakan satu sama lain adalah salah satu pemberian paling sederhana dan paling berkuasa yang bisa kita berikan — biarlah hari ini menjadi hari engkau memintanya atau menawarkannya.","James 5:16 | Therefore confess your sins to each other and pray for each other so that you may be healed. The prayer of a righteous person is powerful and effective.","Yakobus 5:16 | Karena itu hendaklah kamu saling mengaku dosamu dan saling mendoakan, supaya kamu sembuh. Doa orang yang benar, bilamana dengan yakin didoakan, sangat besar kuasanya.","We were never meant to pray entirely alone — shared prayer carries weight our solitary prayers cannot carry by themselves.","Kita tidak pernah dimaksudkan untuk berdoa sepenuhnya sendirian — doa bersama memikul beban yang tidak bisa dipikul oleh doa kita sendirian.","Lord, give me the humility to ask for prayer, and the love to offer it freely to others. Bind our hearts together as we bring our needs before You. Amen.","Tuhan, berilah aku kerendahan hati untuk meminta didoakan, dan kasih untuk menawarkan doa dengan bebas kepada orang lain. Satukanlah hati kami saat membawa kebutuhan kami di hadapan-Mu. Amin."
